Pin Number, Signal Name
B1,A1
A5,A10
A6,A11
B6,A12
A7,A13
A8,A14
C6,A15
B7,A16
B8,A17
C5,A18
C7,A19
A1,A2
C8,A20
C4,A21
C3,A22
C2,A23
C1,A24
D5,A25
D6,A26
D3,A27
D2,A28
D1,A29
B2,A3
D7,A30
D4,A31
D8,A32
E8,A33
E5,A34
E7,A35
E4,A36
E1,A37
E2,A38
E3,A39
A2,A4
E6,A40
F8,A41
F5,A42
G8,A43
F7,A44
F4,A45
G7,A46
F1,A47
F2,A48
F3,A49
B3,A5
F6,A50
H8,A51
H7,A52
G6,A53
H6,A54
H5,A55
G5,A56
H4,A57
H3,A58
H2,A59
A3,A6
H1,A60
G1,A61
G2,A62
G3,A63
G4,A64
B4,A7
A4,A8
B5,A9
B9,B1
A13,B10
A14,B11
B14,B12
A15,B13
A16,B14
C14,B15
B15,B16
B16,B17
C13,B18
C15,B19
A9,B2
C16,B20
C12,B21
C11,B22
C10,B23
C9,B24
D13,B25
D14,B26
D11,B27
D10,B28
D9,B29
B10,B3
D15,B30
D12,B31
D16,B32
E16,B33
E13,B34
E15,B35
E12,B36
E9,B37
E10,B38
E11,B39
A10,B4
E14,B40
F16,B41
F13,B42
G16,B43
F15,B44
F12,B45
G15,B46
F9,B47
F10,B48
F11,B49
B11,B5
F14,B50
H16,B51
H15,B52
G14,B53
H14,B54
H13,B55
G13,B56
H12,B57
H11,B58
H10,B59
A11,B6
H9,B60
G9,B61
G10,B62
G11,B63
G12,B64
B12,B7
A12,B8
B13,B9
B17,C1
A21,C10
A22,C11
B22,C12
A23,C13
A24,C14
C22,C15
B23,C16
B24,C17
C21,C18
C23,C19
A17,C2
C24,C20
C20,C21
C19,C22
C18,C23
C17,C24
D21,C25
D22,C26
D19,C27
D18,C28
D17,C29
B18,C3
D23,C30
D20,C31
D24,C32
E24,C33
E21,C34
E23,C35
E20,C36
E17,C37
E18,C38
E19,C39
A18,C4
E22,C40
F24,C41
F21,C42
G24,C43
F23,C44
F20,C45
G23,C46
F17,C47
F18,C48
F19,C49
B19,C5
F22,C50
H24,C51
H23,C52
G22,C53
H22,C54
H21,C55
G21,C56
H20,C57
H19,C58
H18,C59
A19,C6
H17,C60
G17,C61
G18,C62
G19,C63
G20,C64
B20,C7
A20,C8
B21,C9
B25,D1
A29,D10
A30,D11
B30,D12
C30,D15
C29,D18
A25,D2
C28,D21
C27,D22
C26,D23
C25,D24
D28,D25
D30,D26
D27,D27
D26,D28
D25,D29
B26,D3
D29,D31
E30,D34
E29,D36
E25,D37
E26,D38
E27,D39
A26,D4
E28,D40
F29,D42
F28,D45
F25,D47
F26,D48
F27,D49
B27,D5
F30,D50
G30,D53
H30,D54
H29,D55
G29,D56
H28,D57
H27,D58
H26,D59
A27,D6
H25,D60
G25,D61
G26,D62
G27,D63
G28,D64
B28,D7
A28,D8
B29,D9
K1,E1
J5,E10
J6,E11
K6,E12
J7,E13
J8,E14
L6,E15
K7,E16
K8,E17
L5,E18
L7,E19
J1,E2
L8,E20
L4,E21
L3,E22
L2,E23
L1,E24
M5,E25
M6,E26
M3,E27
M2,E28
M1,E29
K2,E3
M7,E30
M4,E31
M8,E32
N8,E33
N5,E34
N7,E35
N4,E36
N1,E37
N2,E38
N3,E39
J2,E4
N6,E40
P8,E41
P5,E42
Q8,E43
P7,E44
P4,E45
Q7,E46
P1,E47
P2,E48
P3,E49
K3,E5
P6,E50
R8,E51
R7,E52
Q6,E53
R6,E54
R5,E55
Q5,E56
R4,E57
R3,E58
R2,E59
J3,E6
R1,E60
Q1,E61
Q2,E62
Q3,E63
Q4,E64
K4,E7
J4,E8
K5,E9
K9,F1
J13,F10
J14,F11
K14,F12
J15,F13
J16,F14
L14,F15
K15,F16
K16,F17
L13,F18
L15,F19
J9,F2
L16,F20
L12,F21
L11,F22
L10,F23
L9,F24
M13,F25
M14,F26
M11,F27
M10,F28
M9,F29
K10,F3
M15,F30
M12,F31
M16,F32
N16,F33
N13,F34
N15,F35
N12,F36
N9,F37
N10,F38
N11,F39
J10,F4
N14,F40
P16,F41
P13,F42
Q16,F43
P15,F44
P12,F45
Q15,F46
P9,F47
P10,F48
P11,F49
K11,F5
P14,F50
R16,F51
R15,F52
Q14,F53
R14,F54
R13,F55
Q13,F56
R12,F57
R11,F58
R10,F59
J11,F6
R9,F60
Q9,F61
Q10,F62
Q11,F63
Q12,F64
K12,F7
J12,F8
K13,F9
K17,G1
J21,G10
J22,G11
K22,G12
J23,G13
J24,G14
L22,G15
K23,G16
K24,G17
L21,G18
L23,G19
J17,G2
L24,G20
L20,G21
L19,G22
L18,G23
L17,G24
M21,G25
M22,G26
M19,G27
M18,G28
M17,G29
K18,G3
M23,G30
M20,G31
M24,G32
N24,G33
N21,G34
N23,G35
N20,G36
N17,G37
N18,G38
N19,G39
J18,G4
N22,G40
P24,G41
P21,G42
Q24,G43
P23,G44
P20,G45
Q23,G46
P17,G47
P18,G48
P19,G49
K19,G5
P22,G50
R24,G51
R23,G52
Q22,G53
R22,G54
R21,G55
Q21,G56
R20,G57
R19,G58
R18,G59
J19,G6
R17,G60
Q17,G61
Q18,G62
Q19,G63
Q20,G64
K20,G7
J20,G8
K21,G9
K25,H1
J29,H10
J30,H11
K30,H12
L30,H15
L29,H18
J25,H2
L28,H21
L27,H22
L26,H23
L25,H24
M28,H25
M30,H26
M27,H27
M26,H28
M25,H29
K26,H3
M29,H31
N30,H34
N29,H36
N25,H37
N26,H38
N27,H39
J26,H4
N28,H40
P29,H42
P28,H45
P25,H47
P26,H48
P27,H49
K27,H5
P30,H50
Q30,H53
R30,H54
R29,H55
Q29,H56
R28,H57
R27,H58
R26,H59
J27,H6
R25,H60
Q25,H61
Q26,H62
Q27,H63
Q28,H64
K28,H7
J28,H8
K29,H9
T1,I1
S5,I10
S6,I11
T6,I12
S7,I13
S8,I14
U6,I15
T7,I16
T8,I17
U5,I18
U7,I19
S1,I2
U8,I20
U4,I21
U3,I22
U2,I23
U1,I24
V5,I25
V6,I26
V3,I27
V2,I28
V1,I29
T2,I3
V7,I30
V4,I31
V8,I32
W8,I33
W5,I34
W7,I35
W4,I36
W1,I37
W2,I38
W3,I39
S2,I4
W6,I40
Y8,I41
Y5,I42
Z8,I43
Y7,I44
Y4,I45
Z7,I46
Y1,I47
Y2,I48
Y3,I49
T3,I5
Y6,I50
AA8,I51
AA7,I52
Z6,I53
AA6,I54
AA5,I55
Z5,I56
AA4,I57
AA3,I58
AA2,I59
S3,I6
AA1,I60
Z1,I61
Z2,I62
Z3,I63
Z4,I64
T4,I7
S4,I8
T5,I9
T9,J1
S13,J10
S14,J11
T14,J12
S15,J13
S16,J14
U14,J15
T15,J16
T16,J17
U13,J18
U15,J19
S9,J2
U16,J20
U12,J21
U11,J22
U10,J23
U9,J24
V13,J25
V14,J26
V11,J27
V10,J28
V9,J29
T10,J3
V15,J30
V12,J31
V16,J32
W16,J33
W13,J34
W15,J35
W12,J36
W9,J37
W10,J38
W11,J39
S10,J4
W14,J40
Y16,J41
Y13,J42
Z16,J43
Y15,J44
Y12,J45
Z15,J46
Y9,J47
Y10,J48
Y11,J49
T11,J5
Y14,J50
AA16,J51
AA15,J52
Z14,J53
AA14,J54
AA13,J55
Z13,J56
AA12,J57
AA11,J58
AA10,J59
S11,J6
AA9,J60
Z9,J61
Z10,J62
Z11,J63
Z12,J64
T12,J7
S12,J8
T13,J9
T17,K1
S21,K10
S22,K11
T22,K12
S23,K13
S24,K14
U22,K15
T23,K16
T24,K17
U21,K18
U23,K19
S17,K2
U24,K20
U20,K21
U19,K22
U18,K23
U17,K24
V21,K25
V22,K26
V19,K27
V18,K28
V17,K29
T18,K3
V23,K30
V20,K31
V24,K32
W24,K33
W21,K34
W23,K35
W20,K36
W17,K37
W18,K38
W19,K39
S18,K4
W22,K40
Y24,K41
Y21,K42
Z24,K43
Y23,K44
Y20,K45
Z23,K46
Y17,K47
Y18,K48
Y19,K49
T19,K5
Y22,K50
AA24,K51
AA23,K52
Z22,K53
AA22,K54
AA21,K55
Z21,K56
AA20,K57
AA19,K58
AA18,K59
S19,K6
AA17,K60
Z17,K61
Z18,K62
Z19,K63
Z20,K64
T20,K7
S20,K8
T21,K9
T25,L1
S29,L10
S30,L11
T30,L12
U30,L15
U29,L18
S25,L2
U28,L21
U27,L22
U26,L23
U25,L24
V28,L25
V30,L26
V27,L27
V26,L28
V25,L29
T26,L3
V29,L31
W30,L34
W29,L36
W25,L37
W26,L38
W27,L39
S26,L4
W28,L40
Y29,L42
Y28,L45
Y25,L47
Y26,L48
Y27,L49
T27,L5
Y30,L50
Z30,L53
AA30,L54
AA29,L55
Z29,L56
AA28,L57
AA27,L58
AA26,L59
S27,L6
AA25,L60
Z25,L61
Z26,L62
Z27,L63
Z28,L64
T28,L7
S28,L8
T29,L9
AC1,M1
AB5,M10
AB6,M11
AC6,M12
AB7,M13
AB8,M14
AD6,M15
AC7,M16
AC8,M17
AD5,M18
AD7,M19
AB1,M2
AD8,M20
AD4,M21
AD3,M22
AD2,M23
AD1,M24
AE5,M25
AE6,M26
AE3,M27
AE2,M28
AE1,M29
AC2,M3
AE7,M30
AE4,M31
AE8,M32
AF8,M33
AF7,M35
AB2,M4
AF6,M40
AG8,M41
AG7,M44
AC3,M5
AG6,M50
AF5,M51
AG5,M52
AF4,M53
AG4,M54
AF3,M55
AG3,M56
AG1,M57
AF1,M58
AG2,M59
AB3,M6
AF2,M60
AC4,M7
AB4,M8
AC5,M9
AC9,N1
AB13,N10
AB14,N11
AC14,N12
AB15,N13
AB16,N14
AD14,N15
AC15,N16
AC16,N17
AD13,N18
AD15,N19
AB9,N2
AD16,N20
AD12,N21
AD11,N22
AD10,N23
AD9,N24
AE13,N25
AE14,N26
AE11,N27
AE10,N28
AE9,N29
AC10,N3
AE15,N30
AE12,N31
AE16,N32
AF16,N33
AF15,N35
AB10,N4
AF14,N40
AG16,N41
AG15,N44
AC11,N5
AG14,N50
AF13,N51
AG13,N52
AF12,N53
AG12,N54
AF11,N55
AG11,N56
AG9,N57
AF9,N58
AG10,N59
AB11,N6
AF10,N60
AC12,N7
AB12,N8
AC13,N9
AC17,O1
AB21,O10
AB22,O11
AC22,O12
AB23,O13
AB24,O14
AD22,O15
AC23,O16
AC24,O17
AD21,O18
AD23,O19
AB17,O2
AD24,O20
AD20,O21
AD19,O22
AD18,O23
AD17,O24
AE21,O25
AE22,O26
AE19,O27
AE18,O28
AE17,O29
AC18,O3
AE23,O30
AE20,O31
AE24,O32
AF24,O33
AF23,O35
AB18,O4
AF22,O40
AG24,O41
AG23,O44
AC19,O5
AG22,O50
AF21,O51
AG21,O52
AF20,O53
AG20,O54
AF19,O55
AG19,O56
AG17,O57
AF17,O58
AG18,O59
AB19,O6
AF18,O60
AC20,O7
AB20,O8
AC21,O9
AC25,P1
AB29,P10
AB30,P11
AC30,P12
AD30,P15
AD29,P18
AB25,P2
AD28,P21
AD27,P22
AD26,P23
AD25,P24
AE28,P25
AE30,P26
AE27,P27
AE26,P28
AE25,P29
AC26,P3
AE29,P31
AF30,P35
AB26,P4
AC27,P5
AG30,P50
AF29,P51
AG29,P52
AF28,P53
AG28,P54
AF27,P55
AG27,P56
AG25,P57
AF25,P58
AG26,P59
AB27,P6
AF26,P60
AC28,P7
AB28,P8
AC29,P9
